URL,POSITIVE SCORE,NEGATIVE SCORE,POLARITY SCORE,SUBJECTIVITY SCORE,AVG SENTENCE LENGTH,PERCENTAGE OF COMPLEX WORDS,FOG INDEX,AVG NUMBER OF WORDS PER SENTENCES,COMPLEX WORD COUNT,WORD COUNT,SYLLABLE PER WORD,PERSONAL PRONOUN,AVG WORD LENGTH
https://insights.blackcoffer.com/how-is-login-logout-time-tracking-for-employees-in-office-done-by-ai/,4,4,0.0,0.010884353726687954,43.5,0.227330779054917,17.490932311621968,43.5,178,783,1.7381864623243934,18,4.791826309067688
https://insights.blackcoffer.com/how-does-ai-help-to-monitor-retail-shelf-watches/,7,6,0.07692307100591762,0.02066772651722142,34.3,0.2653061224489796,13.82612244897959,34.3,182,686,1.8177842565597668,13,5.0
https://insights.blackcoffer.com/ai-and-its-impact-on-the-fashion-industry/,30,16,0.3043478194706996,0.025386313451773557,49.53846153846154,0.2748447204968944,19.925322503583374,49.53846153846154,531,1932,1.8317805383022774,59,5.100414078674948
https://insights.blackcoffer.com/how-do-deep-learning-models-predict-old-and-new-drugs-that-are-successfully-treated-in-healthcare/,5,1,0.6666665555555741,0.01366742593697625,33.57142857142857,0.2765957446808511,13.53920972644377,33.57142857142857,130,470,1.8595744680851063,4,4.9787234042553195
https://insights.blackcoffer.com/how-artificial-intelligence-can-boost-your-productivity-level/,15,13,0.07142856887755111,0.022580645143080124,28.625,0.23944687045123728,11.545778748180496,28.625,329,1374,1.7059679767103348,49,4.612809315866085
https://insights.blackcoffer.com/how-are-genetic-sequencing-maps-affected-by-deep-learning-and-ai/,16,12,0.14285713775510223,0.024518388770124,33.4054054054054,0.30097087378640774,13.482550511676724,33.4054054054054,372,1236,1.8389967637540454,28,5.001618122977346
https://insights.blackcoffer.com/how-is-ai-used-to-solve-traffic-management/,17,24,-0.1707317031528853,0.029753265580730576,30.0,0.2733333333333333,12.109333333333334,30.0,410,1500,1.7966666666666666,67,5.166
https://insights.blackcoffer.com/benefits-of-big-data-in-different-fields/,40,11,0.5686274398308345,0.02828618966817183,40.854166666666664,0.28403875573686893,16.455282168961414,40.854166666666664,557,1961,1.8505864354920958,22,5.005609382967873
https://insights.blackcoffer.com/how-big-data-will-impact-the-future-of-business/,39,11,0.5599999888000002,0.03154574130501846,32.407407407407405,0.2537142857142857,13.064448677248677,32.407407407407405,444,1750,1.8337142857142856,25,4.976
https://insights.blackcoffer.com/how-will-ai-make-decisions-in-tomorrows-wars/,8,16,-0.333333319444445,0.039800994958870656,25.03846153846154,0.22734254992319508,10.106321635353893,25.03846153846154,148,651,1.6543778801843319,27,4.61136712749616
https://insights.blackcoffer.com/which-one-is-better-ai-or-big-data/,8,1,0.7777776913580343,0.01386748842239216,31.17391304347826,0.2524407252440725,12.570541507488933,31.17391304347826,181,717,1.8437935843793585,19,4.871687587168759
https://insights.blackcoffer.com/how-robots-can-help-in-e-learning-platforms/,19,37,-0.32142856568877565,0.039688164394267776,27.821428571428573,0.21437740693196405,11.214322391344215,27.821428571428573,334,1558,1.6662387676508343,30,4.641848523748395
https://insights.blackcoffer.com/how-does-big-data-help-in-finance-and-the-growth-of-large-firms/,15,13,0.07142856887755111,0.023748939759330838,26.395833333333332,0.23125493291239146,10.65083530649829,26.395833333333332,293,1267,1.7119179163378058,12,4.674822415153907
https://insights.blackcoffer.com/future-of-work-robot-ai-and-automation/,12,5,0.4117646816609011,0.02977232919479452,27.47826086956522,0.25,11.091304347826089,27.47826086956522,158,632,1.8132911392405062,7,4.871835443037975
https://insights.blackcoffer.com/how-ai-will-help-the-defense-power-of-a-country/,12,35,-0.4893616917157087,0.03316866617278146,19.94871794871795,0.21401028277634962,8.06509129259772,19.94871794871795,333,1556,1.6574550128534704,21,4.598329048843188
https://insights.blackcoffer.com/future-of-ai-and-machine-roles-in-the-medical-sector/,12,4,0.4999999687500019,0.016632016614727633,39.61538461538461,0.20776699029126214,15.92926064227035,39.61538461538461,214,1030,1.620388349514563,27,4.62621359223301
https://insights.blackcoffer.com/ai-in-healthcare-to-improve-patient-outcomes/,22,18,0.09999999750000006,0.022172948989926302,37.0377358490566,0.3092205807437596,14.938782571920147,37.0377358490566,607,1963,1.9062659195109526,39,5.288843606724401
https://insights.blackcoffer.com/what-if-the-creation-is-taking-over-the-creator/,25,30,-0.09090908925619838,0.03811503808862436,23.852941176470587,0.19852034525277434,9.620584608689345,23.852941176470587,322,1622,1.561652281134402,37,4.355733662145499
https://insights.blackcoffer.com/what-jobs-will-robots-take-from-humans-in-the-future/,26,36,-0.16129031997918838,0.03625730992031736,27.970149253731343,0.2849519743863394,11.302040491247073,27.970149253731343,534,1874,1.8527214514407684,31,5.025080042689434
https://insights.blackcoffer.com/will-machine-replace-the-human-in-the-future-of-work/,29,18,0.23404254821186068,0.028658536567891135,22.94871794871795,0.20670391061452514,9.26216874373299,22.94871794871795,370,1790,1.6184357541899441,74,4.532402234636871
https://insights.blackcoffer.com/will-ai-replace-us-or-work-with-us/,27,22,0.10204081424406503,0.027282850764319123,28.75,0.21534526854219949,11.58613810741688,28.75,421,1955,1.6639386189258312,36,4.6695652173913045
https://insights.blackcoffer.com/man-and-machines-together-machines-are-more-diligent-than-humans-blackcoffe/,26,18,0.18181817768595052,0.03315749809106443,30.479166666666668,0.21941216678058784,12.279431533378904,30.479166666666668,321,1463,1.656185919343814,17,4.585099111414901
https://insights.blackcoffer.com/in-future-or-in-upcoming-years-humans-and-machines-are-going-to-work-together-in-every-field-of-work/,10,4,0.42857139795918586,0.018641810893952317,20.317073170731707,0.21728691476590636,8.213744034199046,20.317073170731707,181,833,1.6458583433373348,14,4.608643457382954
https://insights.blackcoffer.com/how-neural-networks-can-be-applied-in-various-areas-in-the-future/,45,24,0.3043478216761185,0.04443013519354144,30.963636363636365,0.22372284204345272,12.474943682271928,30.963636363636365,381,1703,1.6799765120375807,12,4.58191426893717
https://insights.blackcoffer.com/how-machine-learning-will-affect-your-business/,11,6,0.2941176297577865,0.02294197027943054,27.75862068965517,0.19875776397515527,11.182951381452131,27.75862068965517,160,805,1.6024844720496894,11,4.46832298136646
https://insights.blackcoffer.com/deep-learning-impact-on-areas-of-e-learning/,19,30,-0.22448979133694305,0.02233363718216334,35.044117647058826,0.2224087284934956,14.10661055022093,35.044117647058826,530,2383,1.6747796894670584,87,4.570709190096517
https://insights.blackcoffer.com/how-to-protect-future-data-and-its-privacy-blackcoffer/,16,36,-0.3846153772189351,0.025316455683877092,26.908045977011493,0.21956428876548484,10.851044106310793,26.908045977011493,514,2341,1.618966253737719,32,4.513882956001709
https://insights.blackcoffer.com/how-machines-ai-automations-and-robo-human-are-effective-in-finance-and-banking/,17,19,-0.05555555401234573,0.030638297846265275,31.65,0.292259083728278,12.776903633491312,31.65,370,1266,1.9502369668246446,15,5.2788309636650865
https://insights.blackcoffer.com/ai-human-robotics-machine-future-planet-blackcoffer-thinking-jobs-workplace/,14,18,-0.12499999609375013,0.025196850373860744,21.796875,0.22365591397849463,8.808212365591398,21.796875,312,1395,1.625089605734767,38,4.566308243727598
https://insights.blackcoffer.com/how-ai-will-change-the-world-blackcoffer/,18,15,0.09090908815427007,0.019434628963819416,53.90909090909091,0.21585160202360876,21.64997700444581,53.90909090909091,384,1779,1.715008431703204,55,4.744800449690837
https://insights.blackcoffer.com/future-of-work-how-ai-has-entered-the-workplace/,28,12,0.39999999000000025,0.024169184275426473,34.44230769230769,0.23897264098269122,13.872512133316153,34.44230769230769,428,1791,1.725851479620324,63,4.806253489670575
https://insights.blackcoffer.com/ai-tool-alexa-google-assistant-finance-banking-tool-future/,11,2,0.6923076390532585,0.025793650742472914,32.588235294117645,0.2779783393501805,13.146485453387129,32.588235294117645,154,554,1.864620938628159,11,5.064981949458484
https://insights.blackcoffer.com/ai-healthcare-revolution-ml-technology-algorithm-google-analytics-industrialrevolution/,37,28,0.138461536331361,0.03481521155071494,270.14285714285717,0.2168164992067689,108.14386945682557,270.14285714285717,410,1891,1.7102062400846114,32,4.607086197778953
https://insights.blackcoffer.com/all-you-need-to-know-about-online-marketing/,9,0,0.9999998888889013,0.009698275851618237,30.87878787878788,0.2787046123650638,12.462996996461179,30.87878787878788,284,1019,1.8370951913640825,11,4.990186457311089
https://insights.blackcoffer.com/evolution-of-advertising-industry/,6,3,0.33333329629630043,0.012765957428700769,37.0,0.2908622908622909,14.916344916344919,37.0,226,777,1.8687258687258688,4,5.229086229086229
https://insights.blackcoffer.com/how-data-analytics-can-help-your-business-respond-to-the-impact-of-covid-19/,2,3,-0.199999960000008,0.016447368366949447,326.0,0.2822085889570552,130.51288343558284,326.0,92,326,1.8711656441717792,6,5.340490797546012
https://insights.blackcoffer.com/covid-19-environmental-impact-for-the-future/,13,32,-0.4222222128395064,0.04310344823457524,25.488888888888887,0.23016564952048824,10.28762181536375,25.488888888888887,264,1147,1.7122929380993896,30,4.7227550130775935
https://insights.blackcoffer.com/environmental-impact-of-the-covid-19-pandemic-lesson-for-the-future/,5,37,-0.7619047437641728,0.03034682078732166,35.73809523809524,0.24250499666888742,14.39224009390565,35.73809523809524,364,1501,1.759493670886076,10,4.7894736842105265
https://insights.blackcoffer.com/how-data-analytics-and-ai-are-used-to-halt-the-covid-19-pandemic/,6,9,-0.19999998666666757,0.020718232015582552,34.34782608695652,0.21012658227848102,13.823181067694003,34.34782608695652,166,790,1.6215189873417721,22,4.648101265822785
https://insights.blackcoffer.com/difference-between-artificial-intelligence-machine-learning-statistics-and-data-mining/,34,39,-0.06849314974666919,0.03739754096444798,24.431818181818183,0.20046511627906977,9.852913319238901,24.431818181818183,431,2150,1.6381395348837209,35,4.486511627906976
https://insights.blackcoffer.com/how-python-became-the-first-choice-for-data-science/,16,1,0.8823528892733594,0.025757575718549128,25.928571428571427,0.2630853994490358,10.476662731208187,25.928571428571427,191,726,1.741046831955923,11,4.87465564738292
https://insights.blackcoffer.com/how-google-fit-measure-heart-and-respiratory-rates-using-a-phone/,4,0,0.9999997500000625,0.010443864202496439,31.846153846153847,0.20772946859903382,12.821553325901153,31.846153846153847,86,414,1.7318840579710144,3,4.647342995169082
https://insights.blackcoffer.com/what-is-the-future-of-mobile-apps/,8,8,0.0,0.014022787016632086,47.23076923076923,0.2288273615635179,18.9838386369331,47.23076923076923,281,1228,1.6465798045602607,27,4.625407166123779
https://insights.blackcoffer.com/impact-of-ai-in-health-and-medicine/,7,5,0.16666665277777895,0.01948051944889526,51.07692307692308,0.27259036144578314,20.539805375347548,51.07692307692308,181,664,1.8885542168674698,16,5.201807228915663
https://insights.blackcoffer.com/telemedicine-what-patients-like-and-dislike-about-it/,13,6,0.36842103324099823,0.04884318753510749,18.695652173913043,0.2186046511627907,7.565702730030335,18.695652173913043,94,430,1.7674418604651163,6,4.755813953488372
https://insights.blackcoffer.com/how-we-forecast-future-technologies/,2,0,0.99999950000025,0.012345678936137784,19.77777777777778,0.24719101123595505,8.009987515605493,19.77777777777778,44,178,1.7415730337078652,7,5.03932584269663
https://insights.blackcoffer.com/can-robots-tackle-late-life-loneliness/,14,10,0.1666666597222225,0.02820211512549693,17.236363636363638,0.16350210970464135,6.959946298427312,17.236363636363638,155,948,1.5263713080168777,11,4.1645569620253164
https://insights.blackcoffer.com/embedding-care-robots-into-society-socio-technical-considerations/,4,0,0.9999997500000625,0.022471909986112867,32.5,0.20512820512820512,13.082051282051282,32.5,40,195,1.676923076923077,4,4.507692307692308
https://insights.blackcoffer.com/management-challenges-for-future-digitalization-of-healthcare-services/,16,18,-0.05882352768166096,0.029386343967686822,35.083333333333336,0.31274742676167855,14.158432304038008,35.083333333333336,395,1263,1.9635787806809184,20,5.315122723673793
https://insights.blackcoffer.com/are-we-any-closer-to-preventing-a-nuclear-holocaust/,3,14,-0.6470587854671302,0.031307550586910586,31.105263157894736,0.24027072758037224,12.538213554190044,31.105263157894736,142,591,1.6514382402707275,10,4.6514382402707275
https://insights.blackcoffer.com/will-technology-eliminate-the-need-for-animal-testing-in-drug-development/,14,19,-0.15151514692378343,0.030783582060836208,24.361702127659573,0.2017467248908297,9.825379541020162,24.361702127659573,231,1145,1.6602620087336244,11,4.558951965065503
https://insights.blackcoffer.com/will-we-ever-understand-the-nature-of-consciousness/,18,34,-0.30769230177514806,0.02969731580257149,38.44,0.2570239334027055,15.478809573361083,38.44,494,1922,1.8069719042663892,16,4.927679500520291
https://insights.blackcoffer.com/will-we-ever-colonize-outer-space/,19,16,0.0857142832653062,0.019920318713761914,41.37777777777778,0.18904403866809882,16.626728726578353,41.37777777777778,352,1862,1.6616541353383458,13,4.546186895810956
https://insights.blackcoffer.com/what-is-the-chance-homo-sapiens-will-survive-for-the-next-500-years/,10,16,-0.23076922189349144,0.017675050973708327,23.571428571428573,0.19393939393939394,9.506147186147187,23.571428571428573,320,1650,1.5787878787878789,15,4.3969696969696965
https://insights.blackcoffer.com/why-does-your-business-need-a-chatbot/,11,4,0.46666663555555765,0.016910935719378878,18.37735849056604,0.1919917864476386,7.427740110805471,18.37735849056604,187,974,1.5328542094455853,10,4.2587268993839835
https://insights.blackcoffer.com/how-you-lead-a-project-or-a-team-without-any-technical-expertise/,22,6,0.5714285510204089,0.018906144484195715,25.951612903225808,0.1783716594157862,10.451993825056638,25.951612903225808,287,1609,1.4841516469857055,14,4.114978247358608
https://insights.blackcoffer.com/can-you-be-great-leader-without-technical-expertise/,10,4,0.42857139795918586,0.02898550718636541,37.357142857142854,0.2179732313575526,15.030046435400164,37.357142857142854,114,523,1.6596558317399617,3,4.2963671128107075
https://insights.blackcoffer.com/how-does-artificial-intelligence-affect-the-environment/,26,14,0.2999999925000002,0.024706609002651876,41.785714285714285,0.2564102564102564,16.816849816849818,41.785714285714285,450,1755,1.7401709401709402,56,4.785754985754986
https://insights.blackcoffer.com/how-to-overcome-your-fear-of-making-mistakes-2/,10,46,-0.6428571313775513,0.055172413738746394,17.523076923076925,0.19666374012291485,7.087896265279936,17.523076923076925,224,1139,1.601404741000878,17,4.2783143107989465
https://insights.blackcoffer.com/is-perfection-the-greatest-enemy-of-productivity/,31,15,0.34782607939508525,0.04017467245399592,21.982456140350877,0.14604948124501196,8.851402248638356,21.982456140350877,183,1253,1.493216280925778,10,4.197126895450918
https://insights.blackcoffer.com/global-financial-crisis-2008-causes-effects-and-its-solution/,8,40,-0.6666666527777781,0.03921568624247084,41.193548387096776,0.1793265465935787,16.549149973476144,41.193548387096776,229,1277,1.5833985904463586,30,4.718872357086923
https://insights.blackcoffer.com/gender-diversity-and-equality-in-the-tech-industry/,14,11,0.11999999520000018,0.016914749650260654,35.22222222222222,0.2391167192429022,14.18453557658605,35.22222222222222,379,1585,1.7501577287066246,18,4.851735015772871
https://insights.blackcoffer.com/how-to-overcome-your-fear-of-making-mistakes/,10,53,-0.6825396717057195,0.059154929521920245,17.82089552238806,0.20435510887772193,7.2101002525063125,17.82089552238806,244,1194,1.61892797319933,17,4.323283082077052
https://insights.blackcoffer.com/how-small-business-can-survive-the-coronavirus-crisis/,28,27,0.018181817851239675,0.03397158737864633,38.08888888888889,0.19369894982497082,15.313035135485544,38.08888888888889,332,1714,1.5985997666277714,23,4.51166861143524
https://insights.blackcoffer.com/impacts-of-covid-19-on-vegetable-vendors-and-food-stalls/,5,8,-0.23076921301775286,0.016581632631911182,39.95238095238095,0.2061978545887962,16.063431522787898,39.95238095238095,173,839,1.7175208581644816,11,4.817640047675805
https://insights.blackcoffer.com/impacts-of-covid-19-on-vegetable-vendors/,4,23,-0.7037036776406045,0.022203947350161225,45.172413793103445,0.23206106870229007,18.161789944722297,45.172413793103445,304,1310,1.7732824427480915,17,5.0
https://insights.blackcoffer.com/impact-of-covid-19-pandemic-on-tourism-aviation-industries/,8,37,-0.6444444301234571,0.025802752278782825,39.851063829787236,0.23651895355045383,16.035033113335075,39.851063829787236,443,1873,1.7271756540309664,22,4.757074212493326
https://insights.blackcoffer.com/impact-of-covid-19-pandemic-on-sports-events-around-the-world/,3,89,-0.9347825985349718,0.02663578458985646,23.746913580246915,0.1731219131791006,9.568014197370408,23.746913580246915,666,3847,1.4385235248245385,66,4.507928255783727
https://insights.blackcoffer.com/changing-landscape-and-emerging-trends-in-the-indian-it-ites-industry/,7,28,-0.5999999828571434,0.019762845838643225,31.065573770491802,0.22005277044854882,12.514250616376142,31.065573770491802,417,1895,1.733509234828496,27,4.754089709762533
https://insights.blackcoffer.com/online-gaming-adolescent-online-gaming-effects-demotivated-depression-musculoskeletal-and-psychosomatic-symptoms/,13,39,-0.49999999038461557,0.0337881741170967,34.645833333333336,0.2994588093806374,13.97811685708559,34.645833333333336,498,1663,1.8634996993385449,25,5.098616957306073
https://insights.blackcoffer.com/human-rights-outlook/,1,1,0.0,0.012345678936137784,44.25,0.2033898305084746,17.781355932203393,44.25,36,177,1.6723163841807909,2,4.570621468926554
https://insights.blackcoffer.com/how-voice-search-makes-your-business-a-successful-business/,10,1,0.8181817438016598,0.010731707306603212,30.62162162162162,0.20388349514563106,12.330202046706901,30.62162162162162,231,1133,1.5542806707855252,8,4.320388349514563
https://insights.blackcoffer.com/how-the-covid-19-crisis-is-redefining-jobs-and-services/,24,28,-0.07692307544378701,0.02827623706999661,19.25,0.2022977022977023,7.780919080919081,19.25,405,2002,1.6753246753246753,22,4.585914085914086
https://insights.blackcoffer.com/how-to-increase-social-media-engagement-for-marketers/,15,14,0.034482757431629055,0.015951595150741696,27.48611111111111,0.235977766548762,11.08883555106395,27.48611111111111,467,1979,1.659423951490652,24,4.6301162203132895
https://insights.blackcoffer.com/impacts-of-covid-19-on-streets-sides-food-stalls/,5,19,-0.5833333090277788,0.022367194760142407,32.5,0.21794871794871795,13.087179487179487,32.5,255,1170,1.6888888888888889,17,4.682905982905983
https://insights.blackcoffer.com/coronavirus-impact-on-energy-markets-2/,2,44,-0.9130434584120988,0.025288620107043087,44.29545454545455,0.2314007183170857,17.810742105508652,44.29545454545455,451,1949,1.689584402257568,46,4.959466393022063
https://insights.blackcoffer.com/coronavirus-impact-on-the-hospitality-industry-5/,3,25,-0.7857142576530622,0.028806584332503514,30.485714285714284,0.21743205248359887,12.281258535279154,30.485714285714284,232,1067,1.6813495782567947,11,4.677600749765698
https://insights.blackcoffer.com/lessons-from-the-past-some-key-learnings-relevant-to-the-coronavirus-crisis-4/,11,37,-0.5416666553819447,0.039344262262832566,19.676470588235293,0.2085201793721973,7.953996307042996,19.676470588235293,279,1338,1.6733931240657698,13,4.457399103139013
https://insights.blackcoffer.com/estimating-the-impact-of-covid-19-on-the-world-of-work-2/,14,24,-0.26315788781163457,0.03463992704226077,38.666666666666664,0.2336206896551724,15.560114942528736,38.666666666666664,271,1160,1.7508620689655172,16,4.7732758620689655
https://insights.blackcoffer.com/estimating-the-impact-of-covid-19-on-the-world-of-work-3/,5,30,-0.7142856938775517,0.027667984167851392,50.2962962962963,0.25184094256259204,20.219254895543557,50.2962962962963,342,1358,1.7393225331369662,54,5.06480117820324
https://insights.blackcoffer.com/travel-and-tourism-outlook/,1,1,0.0,0.010752688114232859,33.833333333333336,0.17733990147783252,13.604269293924467,33.833333333333336,36,203,1.541871921182266,2,4.310344827586207
https://insights.blackcoffer.com/gaming-disorder-and-effects-of-gaming-on-health/,17,28,-0.2444444390123458,0.039682539647546256,23.980392156862745,0.18315617334423548,9.665419332082793,23.980392156862745,224,1223,1.5813573180703189,15,4.435813573180703
https://insights.blackcoffer.com/what-is-the-repercussion-of-the-environment-due-to-the-covid-19-pandemic-situation/,5,20,-0.599999976000001,0.0394944707116991,41.11764705882353,0.20028612303290416,16.527173272742573,41.11764705882353,140,699,1.580829756795422,15,4.652360515021459
https://insights.blackcoffer.com/what-is-the-repercussion-of-the-environment-due-to-the-covid-19-pandemic-situation-2/,8,44,-0.6923076789940831,0.04569420031134077,26.755555555555556,0.23837209302325582,10.797571059431526,26.755555555555556,287,1204,1.7965116279069768,13,4.985880398671096
https://insights.blackcoffer.com/impact-of-covid-19-pandemic-on-office-space-and-co-working-industries/,7,25,-0.5624999824218756,0.02893309219807134,45.46153846153846,0.19543147208121828,18.26278797344787,45.46153846153846,231,1182,1.6175972927241962,11,4.4001692047377325
https://insights.blackcoffer.com/contribution-of-handicrafts-visual-arts-literature-in-the-indian-economy/,3,2,0.199999960000008,0.012820512787639711,46.77777777777778,0.27790973871733965,18.822275006598048,46.77777777777778,117,421,1.7814726840855106,24,5.239904988123516
https://insights.blackcoffer.com/how-covid-19-is-impacting-payment-preferences/,8,3,0.4545454132231443,0.017713365510928558,31.80952380952381,0.1631736526946108,12.789078984887368,31.80952380952381,109,668,1.4970059880239521,19,4.441616766467066
https://insights.blackcoffer.com/how-will-covid-19-affect-the-world-of-work-2/,1,38,-0.9487179243918481,0.036482694072513845,61.0,0.2459016393442623,24.498360655737706,61.0,285,1159,1.7480586712683348,13,4.906816220880069
https://insights.blackcoffer.com/lessons-from-the-past-some-key-learnings-relevant-to-the-coronavirus-crisis/,6,10,-0.24999998437500096,0.022253129315364214,47.9375,0.12646675358539766,19.22558670143416,47.9375,97,767,1.4758800521512385,13,4.053455019556714
https://insights.blackcoffer.com/covid-19-how-have-countries-been-responding/,3,31,-0.8235293875432533,0.03272377282702235,48.69565217391305,0.23392857142857143,19.57183229813665,48.69565217391305,262,1120,1.7241071428571428,25,4.985714285714286
https://insights.blackcoffer.com/coronavirus-impact-on-the-hospitality-industry-2/,10,29,-0.4871794746877058,0.03819784521234295,29.57894736842105,0.23220640569395018,11.924461509646001,29.57894736842105,261,1124,1.8104982206405693,15,4.947508896797153
https://insights.blackcoffer.com/how-will-covid-19-affect-the-world-of-work-3/,13,26,-0.33333332478632505,0.03779069763779971,27.166666666666668,0.24189307624890447,10.96342389716623,27.166666666666668,276,1141,1.7300613496932515,20,4.87467134092901
https://insights.blackcoffer.com/coronavirus-impact-on-the-hospitality-industry-3/,10,35,-0.5555555432098769,0.0349650349378671,41.11764705882353,0.21745350500715308,16.534040225532273,41.11764705882353,304,1398,1.6237482117310444,33,4.664520743919885
https://insights.blackcoffer.com/estimating-the-impact-of-covid-19-on-the-world-of-work/,22,49,-0.38028168478476504,0.044236760097048744,27.661290322580644,0.197667638483965,11.143583184425843,27.661290322580644,339,1715,1.6110787172011662,30,4.520699708454811
https://insights.blackcoffer.com/covid-19-how-have-countries-been-responding-2/,14,45,-0.5254237199080726,0.03150026693459676,37.15094339622642,0.23057389537836465,14.952606916641912,37.15094339622642,454,1969,1.654647028948705,53,4.771457592686643
https://insights.blackcoffer.com/how-will-covid-19-affect-the-world-of-work-4/,7,18,-0.4399999824000007,0.028312570749362886,100.44444444444444,0.11836283185840708,40.225122910521144,100.44444444444444,107,904,1.5011061946902655,16,4.198008849557522
https://insights.blackcoffer.com/lessons-from-the-past-some-key-learnings-relevant-to-the-coronavirus-crisis-2/,17,65,-0.5853658465199287,0.042443064160226154,45.54347826086956,0.23770883054892603,18.312474836567397,45.54347826086956,498,2095,1.7484486873508354,18,4.90453460620525
https://insights.blackcoffer.com/lessons-from-the-past-some-key-learnings-relevant-to-the-coronavirus-crisis-3/,6,15,-0.4285714081632663,0.01654846334393344,21.71875,0.17050359712230215,8.755701438848922,21.71875,237,1390,1.5640287769784174,21,4.239568345323741
https://insights.blackcoffer.com/coronavirus-impact-on-the-hospitality-industry-4/,3,14,-0.6470587854671302,0.04941860450750406,36.9,0.24661246612466126,14.858644986449864,36.9,91,369,1.7154471544715446,12,5.111111111111111
https://insights.blackcoffer.com/why-scams-like-nirav-modi-happen-with-indian-banks/,16,84,-0.6799999932,0.04537205079611069,31.105263157894736,0.21065989847715735,12.526369222548759,31.105263157894736,498,2364,1.6362098138747885,75,4.841793570219966
https://insights.blackcoffer.com/impact-of-covid-19-on-the-global-economy/,10,34,-0.5454545330578515,0.02724458202647394,30.535714285714285,0.16374269005847952,12.279782790309106,30.535714285714285,280,1710,1.5707602339181286,24,4.267836257309941
https://insights.blackcoffer.com/impact-of-covid-19coronavirus-on-the-indian-economy-2/,11,52,-0.650793640463593,0.036144578292516015,28.984615384615385,0.2213375796178344,11.682381185693288,28.984615384615385,417,1884,1.644904458598726,55,4.671974522292993
https://insights.blackcoffer.com/impact-of-covid-19-on-the-global-economy-2/,11,43,-0.5925925816186559,0.03016759774850972,47.9,0.23277661795407098,19.25311064718163,47.9,446,1916,1.7254697286012526,38,4.832463465553236
https://insights.blackcoffer.com/impact-of-covid-19-coronavirus-on-the-indian-economy-3/,17,55,-0.5277777704475309,0.036622583908126866,42.95918367346939,0.2551068883610451,17.285716224732177,42.95918367346939,537,2105,1.7197149643705463,59,5.0
https://insights.blackcoffer.com/should-celebrities-be-allowed-to-join-politics/,23,21,0.04545454442148763,0.023391812853061234,36.660714285714285,0.23088163662932293,14.756638368937443,36.660714285714285,474,2053,1.7062834875791524,26,4.7325864588407205
https://insights.blackcoffer.com/how-prepared-is-india-to-tackle-a-possible-covid-19-outbreak/,5,24,-0.655172391200952,0.033487297882809124,33.57142857142857,0.21063829787234042,13.512826747720366,33.57142857142857,198,940,1.6319148936170214,24,4.631914893617021
https://insights.blackcoffer.com/how-will-covid-19-affect-the-world-of-work/,5,70,-0.8666666551111113,0.045648204476172724,32.30909090909091,0.23297692740574,13.01682713459866,32.30909090909091,414,1777,1.7293190770962297,32,4.8300506471581315
https://insights.blackcoffer.com/controversy-as-a-marketing-strategy/,10,36,-0.5652173790170135,0.04523107173526935,28.53846153846154,0.22012578616352202,11.503434929850025,28.53846153846154,245,1113,1.6388140161725067,20,4.467205750224618
https://insights.blackcoffer.com/coronavirus-impact-on-the-hospitality-industry/,0,8,-0.9999998750000157,0.012158054692768913,37.526315789473685,0.24684431977559607,15.109264043699714,37.526315789473685,176,713,1.7994389901823282,8,5.180925666199158
https://insights.blackcoffer.com/coronavirus-impact-on-energy-markets/,3,23,-0.7692307396449716,0.014925373125760404,163.27272727272728,0.21937639198218262,65.3968414658838,163.27272727272728,394,1796,1.7822939866369711,33,4.966592427616926
https://insights.blackcoffer.com/what-are-the-key-policies-that-will-mitigate-the-impacts-of-covid-19-on-the-world-of-work/,31,28,0.050847456765297346,0.033352176351977285,31.258064516129032,0.24509803921568626,12.601265022137888,31.258064516129032,475,1938,1.7280701754385965,16,4.829721362229102
https://insights.blackcoffer.com/marketing-drives-results-with-a-focus-on-problems/,7,19,-0.4615384437869829,0.01931649329917051,26.607142857142858,0.23557046979865773,10.737085330776607,26.607142857142858,351,1490,1.738255033557047,16,4.919463087248322
https://insights.blackcoffer.com/continued-demand-for-sustainability/,19,21,-0.04999999875000003,0.041109969125272386,30.314285714285713,0.32704995287464655,12.256534266864143,30.314285714285713,347,1061,2.0518378887841657,13,5.589066918001885
https://insights.blackcoffer.com/coronavirus-disease-covid-19-effect-the-impact-and-role-of-mass-media-during-the-pandemic/,3,9,-0.4999999583333368,0.03199999991466667,34.583333333333336,0.28433734939759037,13.94706827309237,34.583333333333336,118,415,1.9204819277108434,4,5.079518072289156
https://insights.blackcoffer.com/should-people-wear-fabric-gloves-seeking-evidence-regarding-the-differential-transfer-of-covid-19-or-coronaviruses-generally-between-surfaces/,3,0,0.9999996666667778,0.009063444081379324,29.75,0.15406162464985995,11.961624649859944,29.75,55,357,1.5098039215686274,6,4.109243697478991
https://insights.blackcoffer.com/why-is-there-a-severe-immunological-and-inflammatory-explosion-in-those-affected-by-sarms-covid-19/,0,13,-0.9999999230769291,0.033591731179349535,38.72727272727273,0.20422535211267606,15.572599231754163,38.72727272727273,87,426,1.5845070422535212,4,4.483568075117371
https://insights.blackcoffer.com/what-do-you-think-is-the-lesson-or-lessons-to-be-learned-with-covid-19/,0,4,-0.9999997500000625,0.017167381900569177,52.2,0.19157088122605365,20.956628352490426,52.2,50,261,1.5478927203065134,0,4.325670498084291
https://insights.blackcoffer.com/coronavirus-the-unexpected-challenge-for-the-european-union/,3,8,-0.4545454132231443,0.04471544697270143,66.25,0.26037735849056604,26.60415094339623,66.25,69,265,1.8264150943396227,1,4.830188679245283
https://insights.blackcoffer.com/industrial-revolution-4-0-pros-and-cons/,24,10,0.41176469377162667,0.055737704826659504,34.94736842105263,0.286144578313253,14.093405199746355,34.94736842105263,190,664,1.8689759036144578,20,5.246987951807229
https://insights.blackcoffer.com/impact-of-covid-19-coronavirus-on-the-indian-economy/,4,50,-0.8518518360768179,0.05070422530450307,29.205128205128204,0.20368744512730466,11.763526260102203,29.205128205128204,232,1139,1.6347673397717295,28,4.659350307287094
https://insights.blackcoffer.com/impact-of-covid-19-coronavirus-on-the-indian-economy-2/,1,36,-0.94594592037984,0.03756345173851426,39.55555555555556,0.19382022471910113,15.899750312109866,39.55555555555556,207,1068,1.6226591760299625,19,4.578651685393258
https://insights.blackcoffer.com/impact-of-covid-19coronavirus-on-the-indian-economy/,8,41,-0.6734693740108292,0.028144744383604394,33.142857142857146,0.2667025862068966,13.363823891625618,33.142857142857146,495,1856,1.816271551724138,78,5.117995689655173
https://insights.blackcoffer.com/impact-of-covid-19-coronavirus-on-the-global-economy/,3,6,-0.33333329629630043,0.014681892308838675,24.333333333333332,0.2100456621004566,9.817351598173516,24.333333333333332,138,657,1.6925418569254185,16,4.8493150684931505
https://insights.blackcoffer.com/ensuring-growth-through-insurance-technology/,12,17,-0.17241378715814526,0.025416301467645657,35.114285714285714,0.23840520748576077,14.14107636870859,35.114285714285714,293,1229,1.6899918633034987,32,4.755899104963385
https://insights.blackcoffer.com/blockchain-in-fintech/,5,10,-0.3333333111111126,0.016556291372454426,33.206896551724135,0.24299065420560748,13.379954882371898,33.206896551724135,234,963,1.8151609553478711,7,5.142263759086189
https://insights.blackcoffer.com/blockchain-for-payments/,9,17,-0.30769229585798863,0.028634361201944535,26.43243243243243,0.24948875255623723,10.672768473995468,26.43243243243243,244,978,1.7760736196319018,15,5.127811860940695
https://insights.blackcoffer.com/the-future-of-investing/,22,9,0.4193548251821024,0.01920693926938851,35.44897959183673,0.23891767415083479,14.275158906395028,35.44897959183673,415,1737,1.6672423719055844,42,4.739781232009212
https://insights.blackcoffer.com/big-data-analytics-in-healthcare/,11,43,-0.5925925816186559,0.045762711825624816,21.0,0.26619828259172523,8.50647931303669,21.0,341,1281,1.7314597970335674,20,4.712724434035909
https://insights.blackcoffer.com/business-analytics-in-the-healthcare-industry/,16,5,0.5238094988662143,0.029619181904627388,41.94444444444444,0.31125827814569534,16.902281089036055,41.94444444444444,235,755,1.985430463576159,8,5.511258278145696
https://insights.blackcoffer.com/challenges-and-opportunities-of-big-data-in-healthcare/,13,43,-0.5357142761479594,0.05410628014096011,18.29032258064516,0.2345679012345679,7.409956192751891,18.29032258064516,266,1134,1.7583774250440918,8,4.738977072310406
https://insights.blackcoffer.com/obstacles-to-data-driven-healthcare/,18,35,-0.3207547109291564,0.03452768727392333,34.59574468085106,0.23739237392373924,13.933254821909921,34.59574468085106,386,1626,1.7361623616236161,18,4.742312423124231
https://insights.blackcoffer.com/monetization-of-data-innovate-to-harvest-the-full-value-of-data/,22,5,0.6296296063100145,0.02537593982577449,32.44444444444444,0.3202054794520548,13.105859969558601,32.44444444444444,374,1168,2.1113013698630136,9,5.585616438356165
https://insights.blackcoffer.com/traceability-of-information-master-your-data-capital/,11,29,-0.4499999887500003,0.03714020423663862,35.54545454545455,0.2958226768968457,14.336510888940559,35.54545454545455,347,1173,2.023017902813299,10,5.382779198635976
https://insights.blackcoffer.com/bank-risk-management-india/,17,24,-0.1707317031528853,0.03141762449699799,29.78723404255319,0.18785714285714286,11.990036474164135,29.78723404255319,263,1400,1.5107142857142857,98,4.687142857142857
https://insights.blackcoffer.com/advance-analytics-for-refocusing-profits/,34,24,0.17241379013079672,0.046251993583531104,23.11864406779661,0.2837243401759531,9.360947363189025,23.11864406779661,387,1364,1.8856304985337244,10,5.191348973607038
https://insights.blackcoffer.com/role-of-big-data-analytics-banking-and-finance/,6,11,-0.2941176297577865,0.02146464643754464,30.607142857142858,0.24154025670945156,12.339473245540924,30.607142857142858,207,857,1.7152858809801634,27,4.851808634772462
https://insights.blackcoffer.com/mitigating-bank-risk-management/,16,27,-0.25581394753921055,0.031318281113388,34.674418604651166,0.23809523809523808,13.965005537098563,34.674418604651166,355,1491,1.7142857142857142,24,4.845070422535211
https://insights.blackcoffer.com/future-of-bank-risk-management/,10,24,-0.41176469377162667,0.04131227212477245,26.696969696969695,0.21906923950056753,10.766415574588105,26.696969696969695,193,881,1.728717366628831,10,4.772985244040862
https://insights.blackcoffer.com/advanced-analytics-redefining-banking/,19,14,0.15151514692378343,0.020624999987109375,34.42,0.24869262056943636,13.867477048227776,34.42,428,1721,1.758280069726903,13,4.904706565950029
https://insights.blackcoffer.com/marketing-analytics-needs/,28,7,0.5999999828571434,0.023584905644484563,26.29032258064516,0.2668711656441718,10.622877498515734,26.29032258064516,435,1630,1.7803680981595091,10,4.934969325153374
https://insights.blackcoffer.com/big-data-analytics-to-bring-transparency-and-good-governance/,29,14,0.3488372011898325,0.04976851846091607,33.5,0.28038379530916846,13.512153518123668,33.5,263,938,1.8763326226012793,16,5.1940298507462686
https://insights.blackcoffer.com/how-political-leaders-will-shape-tomorrow-using-big-data-analytics/,24,12,0.33333332407407434,0.02936378464162823,39.515151515151516,0.25,15.906060606060606,39.515151515151516,326,1304,1.8450920245398772,12,4.983128834355829
https://insights.blackcoffer.com/big-data-and-analytics-to-help-form-political-leaders-win-election/,12,22,-0.2941176384083048,0.034764826140322266,24.232558139534884,0.2802303262955854,9.805115386332188,24.232558139534884,292,1042,1.834932821497121,9,4.912667946257198
https://insights.blackcoffer.com/the-emergence-of-data-analytics/,2,4,-0.33333327777778704,0.010968921369343836,26.25,0.2492063492063492,10.59968253968254,26.25,157,630,1.7317460317460318,8,4.73015873015873
https://insights.blackcoffer.com/how-artificial-intelligence-can-deliver-real-value-to-companies-2/,23,14,0.24324323666910172,0.023963730554427635,31.673076923076923,0.25318761384335153,12.77050581476811,31.673076923076923,417,1647,1.7953855494839102,65,4.962962962962963
https://insights.blackcoffer.com/the-prospective-recipe-of-success-in-the-age-of-analytics/,12,18,-0.19999999333333354,0.023364485963111768,31.377777777777776,0.22237960339943344,12.640062952470885,31.377777777777776,314,1412,1.6621813031161472,18,4.729461756373937
https://insights.blackcoffer.com/using-people-analytics-to-drive-business-performance/,7,7,0.0,0.019283746529912195,29.884615384615383,0.20463320463320464,12.035699435699435,29.884615384615383,159,777,1.6808236808236807,7,4.512226512226512
https://insights.blackcoffer.com/how-artificial-intelligence-can-deliver-real-value-to-companies/,15,29,-0.3181818109504134,0.036727879769008445,24.846153846153847,0.2260061919504644,10.028864015241725,24.846153846153847,292,1292,1.7306501547987616,50,4.774767801857585
https://insights.blackcoffer.com/big-data-analytics-through-iot-in-oil-and-gas-industry/,20,35,-0.2727272677685951,0.0327966606840807,32.72727272727273,0.24666666666666667,13.18957575757576,32.72727272727273,444,1800,1.801111111111111,26,5.013888888888889
https://insights.blackcoffer.com/how-big-data-and-analytics-is-helping-marketing-leaders/,19,7,0.4615384437869829,0.02218430032236834,27.23913043478261,0.25857940941739826,10.999083937680004,27.23913043478261,324,1253,1.814046288906624,13,4.984038308060654
https://insights.blackcoffer.com/what-analytics-outsourcing-engagement-model-is-right-for-you/,23,3,0.7692307396449716,0.02757158003438857,37.333333333333336,0.26587301587301587,15.039682539682543,37.333333333333336,268,1008,1.820436507936508,21,5.142857142857143
https://insights.blackcoffer.com/big-data-analytics-solving-problems-banking-and-finance-industry/,10,11,-0.04761904535147403,0.02169421485362168,28.135135135135137,0.2420749279538905,11.350884025235612,28.135135135135137,252,1041,1.7992315081652257,13,4.883765609990394
https://insights.blackcoffer.com/analytics-healthcare-industry/,13,17,-0.13333332888888902,0.030090270782256498,38.32142857142857,0.29636533084808947,15.447117560910664,38.32142857142857,318,1073,1.945945945945946,8,5.205032618825722
https://insights.blackcoffer.com/business-analytics-textile-industry/,16,3,0.684210490304711,0.015334947525960494,87.46666666666667,0.2728658536585366,35.09581300813008,87.46666666666667,358,1312,1.8765243902439024,29,5.303353658536586
https://insights.blackcoffer.com/big-data-marketing-reality/,21,6,0.5555555349794246,0.026812313776750432,35.096774193548384,0.21599264705882354,14.125106736242884,35.096774193548384,235,1088,1.7334558823529411,13,4.711397058823529
https://insights.blackcoffer.com/understanding-millennial-market/,7,4,0.2727272479338866,0.018644067765010056,46.92857142857143,0.2374429223744292,18.866405740378344,46.92857142857143,156,657,1.8036529680365296,3,4.919330289193303
https://insights.blackcoffer.com/analytics-helping-fashion-e-tailers-develop-markets-developing-countries/,7,3,0.39999996000000404,0.013755158165398683,26.166666666666668,0.2522292993630573,10.567558386411891,26.166666666666668,198,785,1.7707006369426752,9,4.835668789808917
https://insights.blackcoffer.com/big-data-analytics-change-healthcare-developing-countries/,25,10,0.428571416326531,0.04380475589010669,41.0,0.2880371660859466,16.51521486643438,41.0,248,861,1.9094076655052266,21,5.142857142857143
https://insights.blackcoffer.com/big-data-analytics-help-voters-know-political-leaders/,7,7,0.0,0.01794871792570677,36.77272727272727,0.22744128553770088,14.80006742330599,36.77272727272727,184,809,1.7750309023485784,4,4.786155747836836
https://insights.blackcoffer.com/digital-transformation-oil-gas/,7,13,-0.29999998500000075,0.029027576155257508,37.2,0.2916666666666667,14.996666666666668,37.2,217,744,1.8293010752688172,9,5.053763440860215
https://insights.blackcoffer.com/data-analytics-reduce-cost-production/,20,9,0.37931033174791956,0.035452322695046064,54.125,0.22863741339491916,21.74145496535797,54.125,198,866,1.7251732101616628,12,4.7609699769053115
https://insights.blackcoffer.com/gaining-insights-internal-data-retail/,16,4,0.5999999700000015,0.03478260863516068,34.22222222222222,0.3051948051948052,13.81096681096681,34.22222222222222,188,616,1.9756493506493507,7,5.332792207792208
https://insights.blackcoffer.com/role-big-data-cyber-security/,11,27,-0.4210526204986153,0.051075268748554746,65.16666666666667,0.340153452685422,26.20272804774084,65.16666666666667,266,782,2.1406649616368285,5,5.726342710997442
https://insights.blackcoffer.com/role-big-data-healthcare/,25,44,-0.27536231484982154,0.05788590599170645,32.4,0.3132716049382716,13.08530864197531,32.4,406,1296,2.005401234567901,13,5.340277777777778
https://insights.blackcoffer.com/data-driven-dashboards/,2,1,0.33333322222225925,0.003314917123408931,32.266666666666666,0.25516528925619836,13.008732782369146,32.266666666666666,247,968,1.7386363636363635,20,4.931818181818182
https://insights.blackcoffer.com/role-big-data-academia/,13,35,-0.45833332378472247,0.03145478372774916,35.787234042553195,0.23781212841854935,14.410018468388698,35.787234042553195,400,1682,1.760998810939358,8,4.697384066587396
https://insights.blackcoffer.com/sales-forecasting-in-retail/,19,12,0.22580644432882438,0.032157676315189135,36.758620689655174,0.2682926829268293,14.8107653490328,36.758620689655174,286,1066,1.7692307692307692,21,5.063789868667917
https://insights.blackcoffer.com/detect-data-exfiltration-over-the-network/,3,43,-0.8695651984877131,0.04747162017804786,21.78,0.263544536271809,8.817417814508724,21.78,287,1089,1.8034894398530763,22,4.985307621671258
https://insights.blackcoffer.com/data-exfiltration/,4,9,-0.3846153550295881,0.02184873945907775,29.636363636363637,0.22392638036809817,11.944116006692695,29.636363636363637,146,652,1.6809815950920246,10,4.5475460122699385
https://insights.blackcoffer.com/impacts-of-covid-19-on-vegetable-vendors-and-food-stalls/,5,8,-0.23076921301775286,0.016581632631911182,39.95238095238095,0.2061978545887962,16.063431522787898,39.95238095238095,173,839,1.7175208581644816,11,4.817640047675805
